<?xml version="1.0" encoding="utf-8"?>
<permissions>
  <privapp-permissions package="com.fihtdc.am3dfx">
    <permission name="android.permission.MODIFY_AUDIO_SETTINGS'" />
    <permission name="android.permission.GET_TASKS" />
    <permission name="android.permission.READ_EXTERNAL_STORAGE" />
    <permission name="android.permission.WRITE_EXTERNAL_STORAGE" />
    <permission name="android.permission.WRITE_SETTINGS" />
    <permission name="android.permission.INTERACT_ACROSS_USERS" />
    <permission name="android.permission.RECEIVE_BOOT_COMPLETED" />
    <permission name="android.permission.BLUETOOTH" />
    <permission name="android.permission.BLUETOOTH_ADMIN" />
    <permission name="android.permission.MANAGE_USERS" />
    <permission name="android.permission.BROADCAST_STICKY" />
  </privapp-permissions>
</permissions>